name,samples,valid_cer_samples,mean_cer,median_cer,weighted_cer_by_len,exact_match_rate,mean_len
before_correction,404,404,0.23710272277227723,0.1667,0.21899145995747699,0.39851485148514854,6.985148514851486
after_correction,404,404,0.2673410891089109,0.25,0.26240274901820776,0.18811881188118812,6.933168316831683
